Type,Name,Request Count,Failure Count,Median Response Time,Average Response Time,Min Response Time,Max Response Time,Average Content Size,Requests/s,Failures/s,50%,66%,75%,80%,90%,95%,98%,99%,99.9%,99.99%,100%
GET,/,1390,0,720.0,699.6044532856954,608.2138750061858,778.197875013575,92.0,0.5873409089539442,0.0,720,740,750,750,760,760,770,770,780,780,780
,Aggregated,1390,0,720.0,699.6044532856954,608.2138750061858,778.197875013575,92.0,0.5873409089539442,0.0,720,740,750,750,760,760,770,770,780,780,780
