Type,Name,Request Count,Failure Count,Median Response Time,Average Response Time,Min Response Time,Max Response Time,Average Content Size,Requests/s,Failures/s,50%,66%,75%,80%,90%,95%,98%,99%,99.9%,99.99%,100%
GET,/,46,0,650.0,630.2810244802538,359.0551250090357,772.5192089856137,92.0,0.620465712267188,0.0,650,660,720,730,750,750,770,770,770,770,770
,Aggregated,46,0,650.0,630.2810244802538,359.0551250090357,772.5192089856137,92.0,0.620465712267188,0.0,650,660,720,730,750,750,770,770,770,770,770
