Type,Name,Request Count,Failure Count,Median Response Time,Average Response Time,Min Response Time,Max Response Time,Average Content Size,Requests/s,Failures/s,50%,66%,75%,80%,90%,95%,98%,99%,99.9%,99.99%,100%
GET,/,110,0,720.0,698.7673965467944,609.0926250035409,768.4551659913268,92.0,0.5906430936066374,0.0,720,740,750,750,760,760,770,770,770,770,770
,Aggregated,110,0,720.0,698.7673965467944,609.0926250035409,768.4551659913268,92.0,0.5906430936066374,0.0,720,740,750,750,760,760,770,770,770,770,770
