Type,Name,Request Count,Failure Count,Median Response Time,Average Response Time,Min Response Time,Max Response Time,Average Content Size,Requests/s,Failures/s,50%,66%,75%,80%,90%,95%,98%,99%,99.9%,99.99%,100%
GET,/,1369,0,720.0,699.722358706436,608.2138750061858,777.2709999990184,92.0,0.5872976390347652,0.0,720,740,750,750,760,760,770,770,770,780,780
,Aggregated,1369,0,720.0,699.722358706436,608.2138750061858,777.2709999990184,92.0,0.5872976390347652,0.0,720,740,750,750,760,760,770,770,770,780,780
