Type,Name,Request Count,Failure Count,Median Response Time,Average Response Time,Min Response Time,Max Response Time,Average Content Size,Requests/s,Failures/s,50%,66%,75%,80%,90%,95%,98%,99%,99.9%,99.99%,100%
GET,/,1331,0,660.0,681.7096987776202,201.286707946565,794.6718750172295,92.0,0.5935959733419526,0.0,660,730,740,740,750,760,760,770,780,790,790
,Aggregated,1331,0,660.0,681.7096987776202,201.286707946565,794.6718750172295,92.0,0.5935959733419526,0.0,660,730,740,740,750,760,760,770,780,790,790
